,price,area,bedrooms,bathrooms,stories,mainroad,guestroom,basement,hotwaterheating,airconditioning,parking,prefarea,furnishingstatus,total_rooms,area_per_room,amenity_count
0,0.9999999999999999,0.5536723163841808,4,2,2,1,0,0,0,1,1,1,1,6,0.24325739722440431,2
1,0.9907407407407408,0.2090395480225989,4,2,2,1,0,0,1,0,2,0,2,6,0.08352971982194292,2
2,0.9907407407407408,0.6949152542372881,3,2,2,1,0,0,0,0,0,1,1,5,0.3904163393558523,1
3,0.9722222222222222,0.4915254237288135,4,1,2,1,0,1,0,0,2,0,1,5,0.27729772191673213,2
4,0.9722222222222222,0.5593220338983051,4,2,2,1,1,1,0,1,1,1,0,6,0.24587588373919878,4
5,0.9537037037037036,0.7740112994350283,3,2,4,1,0,0,0,1,2,0,2,5,0.4344069128043991,2
6,0.9444444444444445,0.3333333333333333,3,2,2,1,1,0,0,1,2,0,2,5,0.18931657501963867,3
7,0.9398148148148148,0.5389830508474576,3,2,2,1,0,0,0,1,1,1,1,5,0.3036920659858602,2
8,0.9259259259259259,0.3016949152542373,3,1,2,1,0,1,1,0,2,0,1,4,0.23959151610369206,3
9,0.9166666666666666,0.6220338983050848,3,2,1,1,1,1,0,1,2,0,0,5,0.34988216810683426,4
10,0.9120370370370371,0.7231638418079096,3,1,1,1,1,1,0,1,1,0,2,4,0.5326001571091908,4
11,0.9120370370370371,0.3288135593220339,3,2,2,1,1,1,0,1,1,0,2,5,0.186802827965436,4
12,0.9027777777777778,0.807909604519774,3,2,2,1,0,0,0,1,2,0,2,5,0.45326001571091906,2
13,0.898148148148148,0.5525423728813559,4,2,2,1,1,1,0,1,2,1,2,6,0.2427336999214454,4
14,0.887962962962963,0.4915254237288135,3,2,4,1,1,1,0,1,0,1,1,5,0.27729772191673213,4
15,0.8796296296296297,0.8163841807909604,3,1,1,1,0,0,0,0,1,0,1,4,0.5974076983503535,1
16,0.8796296296296297,0.7118644067796609,5,2,2,1,0,1,1,0,2,0,0,7,0.25709796880260355,3
17,0.8796296296296297,0.43502824858757067,4,2,2,1,0,1,0,1,1,1,1,6,0.18826918041372087,3
18,0.8796296296296297,0.6581920903954803,3,2,4,1,0,0,0,1,2,0,0,5,0.3699921445404556,2
19,0.8796296296296297,0.6045197740112995,3,1,4,1,0,0,0,1,2,0,1,4,0.45011783189316573,2
20,0.8657407407407408,0.3649717514124294,4,2,2,1,0,0,0,1,1,1,2,6,0.15579994763026972,2
21,0.8518518518518517,0.4870056497175141,3,3,2,1,1,1,0,0,1,0,0,6,0.21235925634982983,3
22,0.8425925925925927,0.5864406779661018,5,1,2,1,1,1,0,1,1,0,2,6,0.2584446190102121,4
23,0.8374259259259259,0.6045197740112995,3,2,4,1,0,0,0,1,2,0,2,5,0.3401413982717989,2
24,0.8324074074074074,0.6589830508474577,3,2,3,1,0,0,1,0,1,1,2,5,0.37043205027494114,2
25,0.8240740740740741,0.8305084745762712,4,2,4,1,0,0,0,1,2,0,2,6,0.3715632364493323,2
26,0.8217592592592592,0.4915254237288135,3,1,4,1,1,0,0,1,2,0,0,4,0.3715632364493323,3
27,0.8148148148148148,0.4915254237288135,4,2,4,1,0,0,0,1,1,0,1,6,0.21445404556166536,2
28,0.8101851851851852,0.5536723163841808,3,1,2,1,0,1,0,1,0,1,2,4,0.41476826394344074,3
29,0.8055555555555555,0.5322033898305085,3,2,4,1,0,0,0,1,0,1,2,5,0.2999214454045562,2
30,0.7870370370370371,0.5457627118644068,3,2,4,1,0,0,0,1,2,0,0,5,0.3074626865671642,2
31,0.7870370370370371,0.4915254237288135,4,2,4,1,0,0,0,0,2,0,1,6,0.21445404556166536,1
32,0.7685185185185185,0.4915254237288135,4,2,4,1,0,0,0,1,1,0,2,6,0.21445404556166536,2
33,0.7685185185185185,0.4915254237288135,3,2,3,1,0,0,0,1,0,0,1,5,0.27729772191673213,2
34,0.7638888888888888,0.4915254237288135,3,2,4,1,0,0,0,1,1,0,2,5,0.27729772191673213,2
35,0.7592592592592592,0.5593220338983051,3,1,4,1,0,0,0,1,3,1,2,4,0.4186959937156323,2
36,0.7546296296296297,0.2994350282485876,3,2,2,1,0,1,0,0,1,0,0,5,0.17046347211311863,2
37,0.75,0.6542372881355931,3,2,1,1,1,1,0,1,0,1,1,5,0.3677926158680283,4
38,0.75,0.6542372881355931,3,2,4,1,0,0,0,0,1,1,0,5,0.3677926158680283,1
39,0.75,0.5282485875706215,3,1,4,1,0,0,0,1,1,0,0,4,0.3970934799685782,2
40,0.7407407407407407,0.4915254237288135,4,2,4,1,1,0,0,1,1,0,2,6,0.21445404556166536,3
41,0.7407407407407407,0.39548022598870053,3,2,4,1,0,0,0,1,2,0,1,5,0.22388059701492535,2
42,0.7407407407407407,0.4915254237288135,3,2,2,1,1,0,0,1,1,0,1,5,0.27729772191673213,3
43,0.7407407407407407,0.4915254237288135,3,1,2,1,0,0,0,1,1,0,0,4,0.3715632364493323,2
44,0.7268518518518519,0.8305084745762712,4,2,4,1,1,0,0,1,1,1,2,6,0.3715632364493323,3
45,0.7222222222222222,0.6813559322033897,4,2,4,1,1,0,0,1,1,0,1,6,0.30243519245875883,3
46,0.7222222222222222,0.4915254237288135,3,2,4,1,1,0,0,1,1,0,2,5,0.27729772191673213,3
47,0.7129629629629629,0.4915254237288135,3,2,2,1,1,0,0,0,1,0,1,5,0.27729772191673213,2
48,0.7037037037037037,0.8169491525423729,2,1,1,1,0,0,0,1,1,0,1,3,0.8303220738413196,2
49,0.7037037037037037,0.5186440677966102,4,2,2,1,0,0,0,1,1,0,2,6,0.22702278083267874,2
50,0.6990740740740741,0.5322033898305085,4,2,3,1,0,0,0,1,2,1,2,6,0.2333071484681854,2
51,0.6851851851851851,0.8169491525423729,3,2,2,1,0,1,0,1,1,0,2,5,0.4582875098193245,3
52,0.6805555555555556,0.6836158192090396,3,2,1,1,0,0,0,0,2,0,0,5,0.38413197172034563,1
53,0.6759259259259259,0.4915254237288135,3,1,1,1,0,0,0,1,1,0,2,4,0.3715632364493323,2
54,0.6666666666666666,0.2655367231638418,3,2,2,1,0,1,0,1,0,1,1,5,0.1516103692065986,3
55,0.662037037037037,0.4915254237288135,4,2,4,1,0,0,0,1,0,0,0,6,0.21445404556166536,2
56,0.6574074074074074,0.3807909604519774,3,1,4,1,0,0,0,1,0,1,0,4,0.2945797329143755,2
57,0.6527777777777778,0.5593220338983051,2,2,4,1,0,1,0,0,0,1,2,4,0.4186959937156323,2
58,0.6481481481481481,0.27005649717514124,3,1,2,1,0,1,1,0,1,0,2,4,0.2175962293794187,3
59,0.6481481481481481,0.29491525423728815,4,2,2,1,0,0,1,0,0,0,1,6,0.12333071484681853,2
60,0.6481481481481481,0.5389830508474576,3,2,3,1,0,0,0,1,0,1,2,5,0.3036920659858602,2
61,0.6481481481481481,0.5480225988700564,3,2,3,1,0,0,0,1,0,1,2,5,0.30871956009426554,2
62,0.6481481481481481,0.45762711864406774,3,1,1,1,1,1,0,1,2,1,2,4,0.3479968578161822,4
63,0.6481481481481481,0.4915254237288135,3,2,3,1,1,0,0,1,0,0,2,5,0.27729772191673213,3
64,0.6453703703703704,0.4915254237288135,3,1,2,1,0,0,1,0,1,1,1,4,0.3715632364493323,2
65,0.6435185185185185,0.2655367231638418,3,2,2,1,0,1,0,1,1,0,1,5,0.1516103692065986,3
66,0.6435185185185185,1.0,3,2,1,1,0,1,0,1,1,1,2,5,0.5600942655145326,3
67,0.6388888888888888,0.4915254237288135,3,2,4,1,0,0,0,1,0,0,1,5,0.27729772191673213,2
68,0.6296296296296297,0.23841807909604518,3,1,2,1,0,0,1,0,2,0,1,4,0.19560094265514533,2
69,0.6296296296296297,0.7457627118644068,3,2,3,1,0,0,0,1,0,0,2,5,0.4186959937156323,2
70,0.6296296296296297,0.5672316384180791,3,1,3,1,0,1,0,0,0,1,0,4,0.42419481539670073,2
71,0.625,0.26101694915254237,3,1,1,1,0,1,0,0,2,0,1,4,0.21131186174391203,2
72,0.625,0.6508474576271186,3,1,1,1,1,1,0,1,2,1,0,4,0.4823252160251375,4
73,0.6203703703703703,0.7830508474576272,5,3,2,1,0,0,0,0,2,0,2,8,0.2372348782403771,1
74,0.6203703703703703,0.3785310734463277,3,1,2,1,0,0,0,1,0,0,1,4,0.29300864100549884,2
75,0.6175925925925926,0.576271186440678,2,1,1,1,1,1,0,0,2,1,2,3,0.6072270227808326,3
76,0.6157407407407407,0.3559322033898305,3,2,4,1,1,0,0,1,0,0,2,5,0.201885310290652,3
77,0.6018518518518519,0.6271186440677965,3,2,1,1,0,1,0,1,3,0,1,5,0.3527101335428123,3
78,0.6018518518518519,0.4915254237288135,4,2,4,1,0,0,0,0,1,0,1,6,0.21445404556166536,1
79,0.6018518518518519,0.2768361581920904,3,2,3,1,0,0,0,1,2,0,1,5,0.15789473684210525,2
80,0.6018518518518519,0.8305084745762712,3,1,1,1,0,1,0,0,1,1,2,4,0.6072270227808326,2
81,0.6018518518518519,0.536723163841808,3,1,1,1,1,1,0,1,1,1,1,4,0.40298507462686567,4
82,0.6009259259259259,0.5593220338983051,3,2,3,1,0,0,0,1,0,1,0,5,0.3150039277297722,2
83,0.5972222222222222,0.4915254237288135,4,1,3,1,1,1,0,0,0,1,0,5,0.27729772191673213,3
84,0.5925925925925926,0.5593220338983051,3,2,1,1,0,1,0,1,0,1,0,5,0.3150039277297722,3
85,0.5925925925925926,0.43502824858757067,3,1,3,1,0,0,0,0,1,1,0,4,0.3322859387274156,1
86,0.5879629629629629,0.43502824858757067,3,2,4,1,1,0,0,1,1,0,1,5,0.24587588373919878,3
87,0.5879629629629629,0.5310734463276836,3,2,3,1,1,0,0,1,0,0,2,5,0.2992930086410055,3
88,0.5879629629629629,0.43502824858757067,3,2,1,1,1,1,0,0,2,1,2,5,0.24587588373919878,3
89,0.5833333333333333,0.3220338983050847,3,1,4,1,0,0,0,1,0,0,0,4,0.2537313432835821,2
90,0.5833333333333333,0.4293785310734463,4,2,1,1,0,1,0,1,0,1,1,6,0.18565069389892647,3
91,0.5787037037037037,0.5389830508474576,3,1,3,1,0,1,0,0,0,1,0,4,0.4045561665357424,2
92,0.5763888888888888,0.17966101694915254,4,1,3,1,0,0,0,0,1,0,1,5,0.10384917517674784,1
93,0.5740740740740741,0.5610169491525423,4,2,2,1,1,0,1,0,1,0,1,6,0.24666142969363708,3
94,0.5740740740740741,0.5593220338983051,3,1,1,1,1,1,0,0,2,1,1,4,0.4186959937156323,3
95,0.5740740740740741,0.75954802259887,3,1,3,1,0,0,0,1,2,0,0,4,0.5578947368421052,2
96,0.5731481481481481,0.2994350282485876,6,2,2,1,0,0,0,0,0,0,2,8,0.06912804399057344,1
97,0.5731481481481481,0.9005649717514124,3,1,1,1,0,1,0,0,2,1,2,4,0.6559308719560094,2
98,0.5648148148148148,0.5819209039548023,2,1,1,1,1,1,0,0,2,0,2,3,0.6124639958104214,3
99,0.5648148148148148,0.7175141242937852,3,1,1,1,1,1,0,1,2,1,1,4,0.5286724273369992,4
100,0.5648148148148148,0.5932203389830508,3,2,1,1,1,1,0,0,0,1,0,5,0.33385703063629224,3
101,0.5555555555555556,0.23163841807909602,4,1,2,1,1,0,0,1,0,0,2,5,0.13275726630007856,3
102,0.5555555555555556,0.5389830508474576,3,1,1,1,0,1,0,1,0,1,2,4,0.4045561665357424,3
103,0.5555555555555556,0.6067796610169491,3,1,1,1,0,1,0,1,2,1,1,4,0.45168892380204245,3
104,0.5555555555555556,0.5525423728813559,3,1,1,1,1,1,0,0,2,1,2,4,0.4139827179890024,3
105,0.5555555555555556,0.6306214689265537,3,1,2,1,1,1,0,1,0,1,1,4,0.4682639434406913,4
106,0.5555555555555556,0.5202259887005649,4,2,1,1,0,1,0,0,1,1,1,6,0.22775595705682117,2
107,0.5555555555555556,0.6406779661016948,4,2,2,1,0,0,0,0,0,0,2,6,0.2835820895522388,1
108,0.5555555555555556,0.5508474576271187,3,2,4,1,0,0,0,0,1,0,2,5,0.3102906520031422,1
109,0.5462962962962963,0.6225988700564971,3,1,1,1,0,1,0,0,2,1,0,4,0.46268656716417905,2
110,0.5462962962962963,0.5480225988700564,3,2,3,1,0,0,0,1,0,0,0,5,0.30871956009426554,2
111,0.5453703703703704,0.43502824858757067,3,1,3,1,1,0,0,1,1,0,2,4,0.3322859387274156,3
112,0.5444444444444444,0.3559322033898305,3,1,1,1,1,1,0,0,0,0,0,4,0.27729772191673213,3
113,0.537037037037037,0.47209039548022597,4,1,4,1,1,0,0,0,0,0,1,5,0.2664886095836606,2
114,0.537037037037037,0.4011299435028249,3,1,3,1,0,0,0,1,0,0,1,4,0.30871956009426554,2
115,0.537037037037037,0.3559322033898305,3,1,3,1,0,0,0,1,0,0,0,4,0.27729772191673213,2
116,0.5361111111111111,0.6045197740112995,3,1,1,1,0,1,0,0,2,1,1,4,0.45011783189316573,2
117,0.5324074074074074,0.4915254237288135,3,2,4,1,0,0,0,1,0,0,0,5,0.27729772191673213,2
118,0.5277777777777778,0.42372881355932207,4,2,2,1,0,0,0,1,2,0,0,6,0.183032207384132,2
119,0.5277777777777778,0.33785310734463275,4,1,2,1,0,0,0,0,1,0,1,5,0.19183032207384132,1
120,0.5277777777777778,0.3785310734463277,3,1,3,1,0,0,0,1,0,0,1,4,0.29300864100549884,2
121,0.5277777777777778,0.5322033898305085,3,1,1,1,1,1,0,1,2,1,2,4,0.39984289080911234,4
122,0.5277777777777778,0.46892655367231634,3,2,4,1,0,0,0,1,0,0,0,5,0.26472898664571876,2
123,0.5162037037037037,0.5661016949152542,4,2,2,1,1,1,0,0,1,1,1,6,0.2490180675569521,3
124,0.5092592592592592,1.0,4,2,2,1,0,0,0,0,1,0,1,6,0.45011783189316573,1
125,0.5092592592592592,0.3559322033898305,5,2,3,0,0,1,1,0,0,0,0,7,0.11569969700370326,2
126,0.5092592592592592,0.3446327683615819,4,1,2,1,1,1,0,1,1,0,2,5,0.19560094265514533,4
127,0.5092592592592592,0.3785310734463277,3,1,4,1,0,0,0,0,0,0,2,4,0.29300864100549884,1
128,0.5092592592592592,1.0,2,1,1,1,0,0,0,0,1,0,1,3,0.9999999999999999,1
129,0.5092592592592592,0.43502824858757067,3,2,2,1,0,0,0,0,1,0,1,5,0.24587588373919878,1
130,0.5092592592592592,0.5322033898305085,3,1,3,1,0,0,0,0,0,1,1,4,0.39984289080911234,1
131,0.5092592592592592,0.5593220338983051,4,2,1,1,0,1,0,0,0,1,1,6,0.24587588373919878,2
132,0.5092592592592592,0.3938983050847457,3,1,2,1,1,1,0,1,0,1,0,4,0.3036920659858602,4
133,0.5046296296296297,0.3107344632768361,4,1,2,1,0,0,0,1,2,1,1,5,0.1767478397486253,2
134,0.5046296296296297,0.42372881355932207,5,1,2,1,1,1,0,1,0,1,2,6,0.183032207384132,4
135,0.5,0.1864406779661017,3,3,2,1,0,1,0,0,0,0,1,6,0.07305577376276513,2
136,0.5,0.22598870056497172,3,2,2,1,0,0,0,0,2,0,1,5,0.12961508248232523,1
137,0.5,0.5028248587570621,3,2,1,1,0,1,0,0,2,1,2,5,0.2835820895522388,2
138,0.499074074074074,0.5932203389830508,3,1,1,1,1,1,0,0,0,1,1,4,0.44226237234878235,3
139,0.49537037037037035,0.131864406779661,4,2,2,0,1,1,0,0,1,0,2,6,0.047761194029850754,2
140,0.49537037037037035,0.7152542372881356,3,1,1,1,0,0,0,0,2,0,1,4,0.5271013354281225,1
141,0.4907407407407407,0.1694915254237288,3,2,1,1,1,1,0,1,0,0,2,5,0.09819324430479183,4
142,0.4907407407407407,0.5152542372881357,4,1,4,1,1,0,0,1,0,0,2,5,0.29049489395129613,3
143,0.4907407407407407,0.5028248587570621,3,1,3,1,1,0,0,1,0,1,1,4,0.37941869599371564,3
144,0.4907407407407407,0.5593220338983051,4,2,2,1,1,1,0,0,0,1,1,6,0.24587588373919878,3
145,0.48611111111111105,0.5847457627118644,3,1,1,1,1,1,0,1,0,1,1,4,0.43637077769049487,4
146,0.4814814814814815,0.5717514124293785,3,2,2,1,1,1,0,0,1,1,2,5,0.32191673212882954,3
147,0.4805555555555555,0.5423728813559321,3,2,1,1,1,1,1,0,0,0,0,5,0.30557737627651216,4
148,0.4722222222222222,0.6949152542372881,3,1,1,1,0,1,0,1,2,1,0,4,0.5129615082482325,3
149,0.46759259259259256,0.3333333333333333,2,2,1,1,0,0,0,1,2,0,1,4,0.2615868028279654,2
150,0.4629629629629629,0.29491525423728815,4,1,2,1,0,1,0,1,0,0,2,5,0.16794972505891598,3
151,0.4629629629629629,0.5525423728813559,4,2,2,0,0,0,0,1,0,0,1,6,0.2427336999214454,1
152,0.4629629629629629,0.43502824858757067,3,2,1,1,0,1,0,0,0,0,1,5,0.24587588373919878,2
153,0.4629629629629629,0.9738983050847458,3,1,1,1,0,0,0,0,1,1,1,4,0.7069128043990572,1
154,0.4629629629629629,0.7627118644067796,3,1,2,1,1,1,0,1,2,1,0,4,0.5600942655145326,4
155,0.4629629629629629,0.4124293785310735,4,2,1,1,0,0,0,1,0,1,0,6,0.17779523435454309,2
156,0.4629629629629629,0.24293785310734461,3,1,2,1,1,1,0,0,1,1,0,4,0.19874312647289866,3
157,0.4629629629629629,0.92090395480226,4,2,2,1,1,0,0,0,2,0,1,6,0.4134590206860434,2
158,0.4629629629629629,0.7762711864406779,3,1,1,1,0,0,0,1,2,0,2,4,0.5695208169677926,2
159,0.462037037037037,0.4971751412429379,3,1,1,1,0,1,0,0,0,1,1,4,0.37549096622152395,2
160,0.46018518518518514,0.6141242937853106,3,1,1,1,1,1,0,0,2,1,1,4,0.45679497250589157,3
161,0.45833333333333326,0.17288135593220338,3,2,2,1,0,0,0,0,2,0,1,5,0.10007855459544383,1
162,0.45833333333333326,0.3220338983050847,4,2,1,0,0,1,0,1,2,0,1,6,0.1358994501178319,2
163,0.45833333333333326,0.6271186440677965,3,1,2,1,1,1,0,0,1,1,2,4,0.4658287509819325,3
164,0.44907407407407407,0.19887005649717515,3,1,2,0,0,0,0,1,0,0,1,4,0.1681068342498036,1
165,0.44907407407407407,0.7152542372881356,3,1,1,1,0,0,0,0,1,1,1,4,0.5271013354281225,1
166,0.4444444444444444,0.15254237288135591,3,2,2,1,1,1,0,0,0,0,2,5,0.08876669285153181,3
167,0.4444444444444444,0.15254237288135591,3,1,2,1,0,1,0,0,0,0,0,4,0.1358994501178319,2
168,0.4444444444444444,0.5028248587570621,3,1,1,1,0,1,0,1,0,1,1,4,0.37941869599371564,3
169,0.43981481481481477,0.45988700564971746,2,1,2,1,0,0,0,1,0,1,0,3,0.4993453783713014,2
170,0.4351851851851851,0.21355932203389832,2,1,1,0,1,1,0,0,0,0,1,3,0.27101335428122547,2
171,0.4351851851851851,0.6723163841807909,4,1,2,1,0,0,0,1,2,0,2,5,0.377847604084839,2
172,0.4351851851851851,0.5593220338983051,3,1,1,1,1,1,0,0,0,1,2,4,0.4186959937156323,3
173,0.43425925925925923,0.3559322033898305,2,1,1,1,1,1,0,0,0,0,1,3,0.40298507462686567,3
174,0.4305555555555556,0.7344632768361581,3,2,1,1,1,1,0,0,0,0,1,5,0.41241162608012566,3
175,0.42592592592592593,0.311864406779661,4,3,2,1,0,1,0,0,2,0,1,7,0.09819324430479183,2
176,0.42592592592592593,0.6820338983050847,3,1,1,1,1,1,1,0,0,0,1,4,0.5040062843676354,4
177,0.42407407407407405,0.12994350282485873,3,2,2,0,0,1,0,1,1,0,1,5,0.07619795758051846,2
178,0.4212962962962963,0.4856497175141243,3,1,2,1,0,0,0,1,0,0,1,4,0.36747839748625294,2
179,0.4175925925925925,0.288135593220339,3,1,2,1,0,0,0,0,1,0,2,4,0.23016496465043207,1
180,0.41666666666666663,0.32429378531073444,3,1,2,1,0,1,0,1,0,0,1,4,0.25530243519245877,3
181,0.41666666666666663,0.27627118644067794,3,1,2,0,1,1,0,1,0,0,1,4,0.22191673212882956,3
182,0.41666666666666663,0.2790960451977401,2,1,1,1,0,1,0,0,1,0,1,3,0.33176224142445665,2
183,0.41666666666666663,0.42372881355932207,4,1,2,1,0,0,0,0,0,0,1,5,0.23959151610369206,1
184,0.41666666666666663,0.35254237288135587,3,1,1,1,1,1,0,0,0,0,1,4,0.2749410840534171,3
185,0.41666666666666663,0.5254237288135593,3,1,1,1,0,0,0,1,2,0,1,4,0.39512961508248234,2
186,0.41666666666666663,0.46892655367231634,2,1,1,1,1,1,0,1,0,0,1,3,0.5077245352186436,4
187,0.41666666666666663,0.15254237288135591,3,1,2,1,0,1,0,1,0,0,1,4,0.1358994501178319,3
188,0.41666666666666663,0.14915254237288134,3,1,3,1,0,0,0,0,0,0,1,4,0.13354281225451686,1
189,0.41666666666666663,0.5728813559322035,3,1,1,1,0,0,0,0,0,0,0,4,0.4281225451688924,1
190,0.41666666666666663,0.33853107344632766,3,1,2,1,1,1,0,0,2,0,1,4,0.2652003142183818,3
191,0.41574074074074074,0.2,4,2,2,1,0,1,0,1,2,0,1,6,0.0793401413982718,3
192,0.41574074074074074,0.37796610169491524,4,2,1,1,0,1,0,0,0,0,1,6,0.16182246661429694,2
193,0.412037037037037,0.30508474576271183,2,1,1,1,0,1,0,0,0,0,0,3,0.3558523173605656,2
194,0.40740740740740744,0.28361581920903955,3,1,3,1,0,0,0,0,0,0,0,4,0.22702278083267874,1
195,0.40740740740740744,0.49604519774011296,3,1,1,1,0,0,0,0,2,1,1,4,0.37470542026708564,1
196,0.40740740740740744,0.5889265536723163,3,1,2,1,0,0,0,1,2,1,2,4,0.43927729772191676,2
197,0.40740740740740744,0.35762711864406777,2,1,1,1,0,0,0,1,0,1,1,3,0.4045561665357424,2
198,0.4027777777777778,0.6045197740112995,3,1,2,1,0,1,0,0,0,0,0,4,0.45011783189316573,2
199,0.4027777777777778,0.728813559322034,4,1,4,1,0,1,0,1,2,0,1,5,0.40926944226237233,3
200,0.399074074074074,0.2,4,2,2,1,0,0,0,0,0,0,1,6,0.0793401413982718,1
201,0.39814814814814814,0.8492655367231638,2,1,1,1,0,1,0,1,2,0,1,3,0.8602775595705682,3
202,0.39814814814814814,0.5277966101694915,3,1,2,1,0,1,0,1,1,0,2,4,0.3967792615868028,3
203,0.39814814814814814,0.9706214689265538,2,1,1,1,0,0,0,1,2,1,0,3,0.9727677402461378,2
204,0.39722222222222225,0.5412429378531074,2,1,1,1,0,0,0,1,3,0,1,3,0.5747577899973814,2
205,0.38888888888888884,0.39774011299435025,3,1,4,1,0,0,0,1,0,0,1,4,0.3063629222309505,2
206,0.38888888888888884,0.4915254237288135,2,1,1,1,0,1,0,1,1,0,2,3,0.5286724273369992,3
207,0.38888888888888884,0.223728813559322,3,1,2,1,0,0,0,0,2,0,1,4,0.18538884524744698,1
208,0.38888888888888884,0.9058757062146894,4,2,2,1,1,1,0,0,1,0,1,6,0.40649384655669024,3
209,0.38888888888888884,0.42372881355932207,2,1,2,1,0,0,0,0,0,1,1,3,0.4658287509819325,1
210,0.38888888888888884,0.3016949152542373,3,1,1,1,0,0,0,0,0,1,1,4,0.23959151610369206,1
211,0.3842592592592592,0.23672316384180792,3,1,2,1,0,1,0,0,0,0,2,4,0.19442262372348784,2
212,0.37962962962962965,0.28361581920903955,3,1,1,1,1,1,0,1,0,0,0,4,0.22702278083267874,4
213,0.37962962962962965,0.2519774011299435,3,2,2,1,0,1,0,0,2,0,1,5,0.14406912804399058,2
214,0.37962962962962965,0.455367231638418,3,1,2,1,1,0,0,1,1,0,1,4,0.34642576590730556,3
215,0.37962962962962965,0.13785310734463274,2,1,2,1,1,1,0,0,0,1,1,3,0.20083791568473425,3
216,0.37962962962962965,0.3796610169491525,3,1,2,1,0,1,0,0,0,0,1,4,0.29379418695993714,2
217,0.37870370370370365,0.32316384180790964,4,2,2,1,0,1,0,0,0,0,1,6,0.13642314742079076,2
218,0.375,0.2655367231638418,3,1,2,1,0,0,0,0,1,0,2,4,0.21445404556166536,1
219,0.375,0.24745762711864405,3,1,2,1,0,0,0,0,1,1,1,4,0.201885310290652,1
220,0.37037037037037035,0.23841807909604518,3,1,1,1,0,0,0,0,2,0,1,4,0.19560094265514533,1
221,0.37037037037037035,0.22485875706214686,3,1,2,1,0,0,0,1,0,0,2,4,0.18617439120188534,2
222,0.37037037037037035,0.1016949152542373,3,1,2,1,0,1,0,0,0,0,2,4,0.10054988216810683,2
223,0.37037037037037035,0.4146892655367232,3,1,2,1,1,1,0,0,0,1,1,4,0.31814611154752553,3
224,0.37037037037037035,0.41920903954802263,3,1,2,1,0,0,0,0,2,1,0,4,0.32128829536527886,1
225,0.37037037037037035,0.2112994350282486,3,1,1,1,0,0,0,0,0,1,1,4,0.1767478397486253,1
226,0.37037037037037035,0.7627118644067796,4,1,4,1,0,0,0,0,3,0,0,5,0.4281225451688924,1
227,0.36944444444444446,0.2768361581920904,2,2,1,1,1,1,0,0,0,0,1,4,0.2223095051060487,3
228,0.36944444444444446,0.3774011299435028,4,2,2,1,1,1,0,0,0,1,2,6,0.1615606179628175,3
229,0.3657407407407407,0.21016949152542375,3,1,3,1,0,0,0,0,0,0,1,4,0.17596229379418699,1
230,0.3657407407407407,0.2033898305084746,3,1,2,1,0,1,0,0,1,0,1,4,0.17124901806755694,2
231,0.3657407407407407,0.927683615819209,3,1,1,1,0,0,0,0,0,0,1,4,0.6747839748625294,1
232,0.3657407407407407,0.2112994350282486,2,1,2,1,0,0,0,0,0,1,2,3,0.2689185650693899,1
233,0.36111111111111105,0.32316384180790964,4,1,2,1,0,0,0,1,2,0,1,5,0.18366064414768263,2
234,0.36111111111111105,0.47853107344632767,2,1,1,1,0,0,0,1,1,0,0,3,0.5166273893689447,2
235,0.36111111111111105,0.2655367231638418,3,1,2,1,0,0,0,0,2,0,2,4,0.21445404556166536,1
236,0.36111111111111105,0.7457627118644068,3,1,1,1,0,0,0,0,0,0,2,4,0.5483110761979575,1
237,0.36111111111111105,0.27005649717514124,3,1,2,1,0,0,0,0,1,0,1,4,0.2175962293794187,1
238,0.36018518518518516,0.5322033898305085,2,1,1,1,0,1,0,1,1,0,2,3,0.5663786331500392,3
239,0.36018518518518516,0.17084745762711862,3,1,2,1,0,0,0,1,1,0,2,4,0.1486252945797329,2
240,0.36018518518518516,0.21016949152542375,3,1,2,1,0,0,0,0,0,0,1,4,0.17596229379418699,1
241,0.3564814814814815,0.23728813559322032,2,1,1,1,1,1,0,0,0,0,1,3,0.29300864100549884,3
242,0.35185185185185186,0.2619209039548023,3,1,2,0,0,0,0,0,0,0,1,4,0.2119402985074627,0
243,0.35185185185185186,0.3672316384180791,2,1,2,1,0,1,0,0,0,0,1,3,0.4134590206860434,2
244,0.35092592592592586,0.1389830508474576,3,1,2,1,0,0,0,0,0,1,1,4,0.1264728986645719,1
245,0.35092592592592586,0.3649717514124294,3,1,1,1,0,0,0,0,2,1,0,4,0.2835820895522388,1
246,0.35092592592592586,0.3694915254237288,3,1,2,1,0,0,0,0,1,0,1,4,0.2867242733699921,1
247,0.3481481481481481,0.37288135593220334,4,1,2,1,0,0,0,1,0,0,1,5,0.21131186174391203,2
248,0.3472222222222222,0.2542372881355932,3,1,2,1,0,0,0,0,0,0,0,4,0.20659858601728204,1
249,0.34259259259259256,0.3220338983050847,3,2,3,1,0,0,1,0,1,0,2,5,0.183032207384132,2
250,0.34259259259259256,0.028813559322033888,5,1,2,0,0,1,0,0,0,0,1,6,0.0,1
251,0.34259259259259256,0.2740112994350282,3,1,1,1,1,1,0,0,2,0,1,4,0.2203456402199529,3
252,0.34259259259259256,0.2090395480225989,4,1,2,1,0,0,0,0,2,0,2,5,0.1201885310290652,1
253,0.34259259259259256,0.5423728813559321,4,1,2,1,0,0,0,0,0,0,1,5,0.30557737627651216,1
254,0.3398148148148148,0.26915254237288133,2,1,1,1,0,1,0,0,0,0,2,3,0.3225451688923802,2
255,0.3379629629629629,0.3107344632768361,2,1,1,1,0,0,0,0,1,0,1,3,0.3610892903901545,1
256,0.3379629629629629,0.9841807909604521,2,1,1,1,0,0,0,0,1,1,1,3,0.9853364755171511,1
257,0.33425925925925926,0.1977401129943503,3,1,2,1,0,1,0,0,2,1,1,4,0.1673212882953653,2
258,0.33333333333333326,0.5322033898305085,2,1,1,1,0,0,0,0,0,0,2,3,0.5663786331500392,1
259,0.33333333333333326,0.5322033898305085,2,1,2,1,0,0,0,0,0,0,0,3,0.5663786331500392,1
260,0.33333333333333326,0.3220338983050847,2,1,1,1,0,0,0,1,2,0,2,3,0.3715632364493323,2
261,0.33333333333333326,0.059322033898305065,3,1,2,0,1,1,0,1,0,0,0,4,0.07109190887666929,3
262,0.33333333333333326,0.3062146892655367,4,1,2,1,0,0,0,0,0,0,2,5,0.17423409269442264,1
263,0.33333333333333326,0.6915254237288135,2,1,1,1,0,0,0,0,1,0,2,3,0.7140612725844461,1
264,0.3287037037037037,0.5649717514124293,3,1,2,1,1,0,0,0,0,0,1,4,0.422623723487824,2
265,0.3287037037037037,0.1284745762711864,3,1,1,1,0,1,0,0,0,1,2,4,0.11916732128829537,2
266,0.32407407407407407,0.43502824858757067,3,1,2,1,0,0,0,1,0,0,0,4,0.3322859387274156,2
267,0.32407407407407407,0.38305084745762713,3,1,2,1,0,1,0,1,0,0,0,4,0.29615082482325217,3
268,0.32407407407407407,0.4745762711864407,2,1,1,1,1,1,0,0,2,0,1,3,0.5129615082482325,3
269,0.32407407407407407,0.10847457627118645,4,3,2,0,0,0,0,0,0,0,1,7,0.017394231848277403,0
270,0.32407407407407407,0.14723163841807907,3,1,2,1,0,1,0,1,0,0,0,4,0.1322073841319717,3
271,0.32407407407407407,0.12395480225988698,4,2,2,0,0,0,0,0,0,0,1,6,0.0440953129091385,0
272,0.32407407407407407,0.311864406779661,2,1,1,0,0,0,0,0,1,0,0,3,0.36213668499607227,0
273,0.32407407407407407,0.2655367231638418,4,2,2,0,0,0,0,0,0,0,1,6,0.10971458496988738,0
274,0.32407407407407407,0.07627118644067798,3,1,2,0,0,0,0,0,0,0,1,4,0.0828750981932443,0
275,0.32407407407407407,0.3333333333333333,3,2,2,1,0,0,0,1,1,0,1,5,0.18931657501963867,2
276,0.32407407407407407,0.22485875706214686,3,2,2,1,0,1,0,0,0,0,0,5,0.12898664571877455,2
277,0.32407407407407407,0.46892655367231634,3,1,1,1,0,0,1,0,2,0,1,4,0.3558523173605656,2
278,0.32407407407407407,0.6045197740112995,3,1,1,1,0,0,0,0,3,0,2,4,0.45011783189316573,1
279,0.32407407407407407,0.2744632768361582,3,1,3,1,0,0,0,0,0,0,1,4,0.2206598586017282,1
280,0.32407407407407407,0.2112994350282486,3,1,2,1,0,0,0,0,0,1,1,4,0.1767478397486253,1
281,0.32407407407407407,0.055932203389830515,3,1,3,1,0,0,0,0,1,1,0,4,0.06873527101335429,1
282,0.32407407407407407,0.3220338983050847,3,1,1,1,0,1,0,0,0,0,2,4,0.2537313432835821,2
283,0.3231481481481481,0.7457627118644068,3,1,1,1,0,1,0,0,3,0,1,4,0.5483110761979575,2
284,0.3231481481481481,0.2033898305084746,3,1,2,1,0,0,0,0,1,0,1,4,0.17124901806755694,1
285,0.3194444444444444,0.36045197740112994,3,1,2,1,0,0,0,0,1,0,1,4,0.28043990573448546,1
286,0.3194444444444444,0.2745762711864407,3,1,2,1,0,0,0,0,2,0,1,4,0.22073841319717202,1
287,0.3194444444444444,0.27073446327683615,3,1,2,1,0,1,0,0,1,0,1,4,0.2180675569520817,2
288,0.31481481481481477,0.33694915254237284,4,1,2,1,0,0,0,1,0,0,1,5,0.19132757266300077,2
289,0.31481481481481477,0.48983050847457626,3,1,1,1,0,1,0,0,0,0,1,4,0.37038491751767477,2
290,0.3138888888888889,0.4983050847457627,2,1,1,1,0,1,0,0,1,0,1,3,0.5349567949725058,2
291,0.3106481481481481,0.22033898305084743,3,1,1,1,0,1,0,1,0,1,2,4,0.183032207384132,3
292,0.3101851851851851,0.2293785310734463,3,2,2,1,0,0,0,0,0,0,1,5,0.1315003927729772,1
293,0.3101851851851851,0.27005649717514124,2,1,2,1,0,0,0,0,1,0,1,3,0.32338308457711445,1
294,0.3101851851851851,0.44632768361581915,2,1,1,1,0,0,0,1,0,0,1,3,0.48677664310028806,2
295,0.3055555555555556,0.48022598870056493,4,2,2,0,0,1,0,0,1,0,0,6,0.2092170725320765,1
296,0.3055555555555556,0.3776271186440678,3,2,2,1,0,0,0,0,2,0,0,5,0.2139512961508248,1
297,0.3055555555555556,0.30395480225988697,3,1,1,1,0,0,0,0,0,0,1,4,0.24116260801256872,1
298,0.3055555555555556,0.15254237288135591,4,1,3,1,0,1,0,1,2,0,1,5,0.08876669285153181,3
299,0.3055555555555556,0.3016949152542373,3,1,2,1,0,0,0,0,2,1,2,4,0.23959151610369206,1
300,0.30092592592592593,0.223728813559322,3,2,2,1,0,0,1,0,2,0,1,5,0.12835820895522387,2
301,0.30092592592592593,0.20451977401129945,3,2,1,1,0,1,0,1,1,0,2,5,0.11767478397486252,3
302,0.30092592592592593,0.42372881355932207,3,1,1,1,0,0,0,0,3,0,1,4,0.3244304791830322,1
303,0.29861111111111105,0.3220338983050847,3,1,2,0,0,1,0,1,0,0,1,4,0.2537313432835821,2
304,0.29861111111111105,0.20451977401129945,4,1,2,1,0,0,0,1,0,0,1,5,0.11767478397486252,2
305,0.2962962962962963,0.2768361581920904,4,1,1,0,0,1,0,0,0,0,0,5,0.15789473684210525,1
306,0.2962962962962963,0.5457627118644068,3,1,2,0,0,0,0,1,1,0,1,4,0.40926944226237233,1
307,0.2962962962962963,0.3220338983050847,3,2,2,0,0,1,0,1,0,0,1,5,0.183032207384132,2
308,0.2962962962962963,0.26101694915254237,3,1,2,1,0,0,0,0,0,0,2,4,0.21131186174391203,1
309,0.2962962962962963,0.2711864406779661,2,1,2,1,1,1,0,0,0,1,0,3,0.3244304791830322,3
310,0.287037037037037,0.6338983050847458,3,2,1,1,1,1,0,0,3,0,2,5,0.3564807541241163,3
311,0.287037037037037,0.43502824858757067,4,1,2,1,1,1,0,0,0,0,1,5,0.24587588373919878,3
312,0.287037037037037,0.15254237288135591,3,1,2,1,0,0,0,0,0,0,1,4,0.1358994501178319,1
313,0.287037037037037,0.18531073446327684,2,1,1,1,0,0,1,0,1,0,2,3,0.24482848913328098,2
314,0.287037037037037,0.24474576271186438,2,1,1,1,0,1,0,1,2,0,2,3,0.2999214454045562,3
315,0.287037037037037,0.7265536723163841,3,1,1,1,0,0,0,1,2,0,1,4,0.5349567949725058,2
316,0.287037037037037,0.055932203389830515,4,2,1,1,0,1,0,0,0,1,0,6,0.012568735271013362,2
317,0.28240740740740733,0.2406779661016949,2,1,2,1,1,1,0,0,0,0,1,3,0.29615082482325217,3
318,0.28240740740740733,0.17288135593220338,4,2,2,1,0,0,0,0,0,0,2,6,0.06677140612725845,1
319,0.2777777777777778,0.4124293785310735,5,2,2,1,0,0,0,0,0,0,1,7,0.13814386713051285,1
320,0.2777777777777778,0.17288135593220338,2,2,1,1,0,1,0,0,2,0,1,4,0.15003927729772193,2
321,0.2777777777777778,0.6216949152542373,3,1,2,1,0,0,0,1,0,0,2,4,0.46205813040062843,2
322,0.2777777777777778,0.2745762711864407,2,1,1,1,0,0,0,0,0,0,1,3,0.3275726630007855,1
323,0.2777777777777778,0.2485875706214689,2,1,1,1,0,0,0,0,0,0,1,3,0.3034825870646766,1
324,0.2777777777777778,0.04124293785310734,3,1,2,1,0,1,0,0,0,1,1,4,0.05852317360565594,2
325,0.2777777777777778,0.05943502824858757,2,1,2,1,1,0,0,0,0,1,1,3,0.12814873003404031,2
326,0.2759259259259259,0.192090395480226,3,1,2,1,0,0,0,0,0,0,0,4,0.1633935585231736,1
327,0.27314814814814814,0.1694915254237288,2,2,1,0,0,1,0,0,0,0,1,4,0.1476826394344069,1
328,0.2685185185185185,0.3581920903954802,3,1,2,1,0,0,0,0,0,0,1,4,0.2788688138256088,1
329,0.2685185185185185,0.2,2,1,2,1,0,0,1,0,1,0,1,3,0.2584446190102121,2
330,0.2685185185185185,0.22033898305084743,2,1,1,1,0,0,0,0,0,0,1,3,0.27729772191673213,1
331,0.2685185185185185,0.47231638418079097,2,1,1,1,0,0,0,0,2,0,0,3,0.5108667190363969,1
332,0.2685185185185185,0.13627118644067798,3,1,3,1,0,0,0,0,0,1,2,4,0.12458758837391988,1
333,0.2685185185185185,0.7627118644067796,2,1,1,1,0,0,0,0,1,0,2,3,0.7800471327572662,1
334,0.2675925925925926,0.7457627118644068,3,1,1,1,0,0,0,0,2,0,2,4,0.5483110761979575,1
335,0.2675925925925926,0.09830508474576272,5,2,1,0,0,1,0,1,1,0,2,7,0.013354281225451695,2
336,0.2675925925925926,0.5966101694915253,4,1,2,0,0,0,0,0,1,0,2,5,0.3357423409269442,0
337,0.26388888888888884,0.20677966101694917,2,1,1,1,0,0,0,0,0,1,1,3,0.26472898664571876,1
338,0.2592592592592593,0.22033898305084743,3,1,1,1,0,0,0,0,1,0,0,4,0.183032207384132,1
339,0.2592592592592593,0.27005649717514124,2,1,1,1,0,0,0,0,0,0,1,3,0.32338308457711445,1
340,0.2592592592592593,0.49378531073446325,3,1,1,1,0,0,0,0,0,0,1,4,0.373134328358209,1
341,0.2592592592592593,0.2711864406779661,2,1,1,1,0,0,0,0,0,0,2,3,0.3244304791830322,1
342,0.2592592592592593,0.21853107344632766,2,1,1,1,0,0,1,0,0,0,1,3,0.2756218905472637,2
343,0.2583333333333333,0.16610169491525423,3,1,2,0,0,1,1,0,0,0,1,4,0.14532600157109188,2
344,0.2583333333333333,0.4293785310734463,2,1,1,1,0,0,0,0,0,0,2,3,0.4710657240115214,1
345,0.25462962962962965,0.223728813559322,2,1,1,1,0,1,0,0,0,0,2,3,0.28043990573448546,2
346,0.25462962962962965,0.223728813559322,2,1,1,1,0,0,0,1,0,0,0,3,0.28043990573448546,2
347,0.25462962962962965,0.4508474576271186,2,1,1,0,0,0,0,0,0,0,1,3,0.49096622152395913,0
348,0.25462962962962965,0.22033898305084743,2,1,1,1,0,0,0,0,0,0,2,3,0.27729772191673213,1
349,0.25,0.29717514124293787,2,1,1,1,0,0,0,1,2,0,1,3,0.34852055511914115,2
350,0.25,0.21694915254237285,3,1,2,1,0,1,0,0,0,0,1,4,0.18067556952081698,2
351,0.25,0.17288135593220338,3,1,2,0,0,1,0,0,0,0,1,4,0.15003927729772193,1
352,0.25,0.15254237288135591,2,1,2,1,0,0,0,1,0,0,2,3,0.21445404556166536,2
353,0.25,0.2112994350282486,2,2,1,1,0,1,0,0,0,0,1,4,0.1767478397486253,2
354,0.25,0.4870056497175141,3,1,2,1,1,1,0,0,0,0,0,4,0.3684210526315789,3
355,0.25,0.280225988700565,3,2,2,1,0,0,0,0,2,0,1,5,0.15978004713275729,1
356,0.25,0.13559322033898302,3,2,2,0,0,1,0,0,0,1,0,5,0.0793401413982718,1
357,0.25,0.07062146892655369,3,1,3,1,0,0,1,1,0,1,1,4,0.07894736842105264,3
358,0.2490740740740741,0.2112994350282486,3,1,1,1,0,0,0,0,2,1,0,4,0.1767478397486253,1
359,0.24537037037037038,0.3220338983050847,2,1,1,1,0,0,0,0,0,0,1,3,0.3715632364493323,1
360,0.24537037037037038,0.2655367231638418,2,1,1,1,0,0,0,0,0,1,1,3,0.3191935061534433,1
361,0.24074074074074073,0.1694915254237288,3,1,2,1,0,1,0,0,0,0,2,4,0.1476826394344069,2
362,0.24074074074074073,0.3220338983050847,4,2,2,1,0,1,0,0,2,0,2,6,0.1358994501178319,2
363,0.24074074074074073,0.3220338983050847,2,1,1,0,0,0,0,0,0,0,2,3,0.3715632364493323,0
364,0.24074074074074073,0.22485875706214686,2,1,1,1,0,0,0,0,0,0,0,3,0.2814873003404032,1
365,0.23611111111111113,0.2485875706214689,3,1,1,1,0,0,0,0,2,0,0,4,0.20267085624509035,1
366,0.23148148148148148,0.29265536723163843,3,1,2,1,0,0,0,1,0,0,1,4,0.2333071484681854,2
367,0.23148148148148148,0.22598870056497172,3,1,2,1,0,0,0,0,0,0,0,4,0.18695993715632364,1
368,0.23148148148148148,0.3333333333333333,4,1,2,1,0,0,0,0,0,0,1,5,0.18931657501963867,1
369,0.23148148148148148,0.054802259887005655,3,2,2,0,0,0,0,0,0,0,0,5,0.034406912804399045,0
370,0.23148148148148148,0.1566101694915254,3,1,2,1,0,1,0,0,0,0,1,4,0.1387274155538099,2
371,0.23148148148148148,0.26440677966101694,3,1,2,1,0,0,0,0,0,0,1,4,0.21366849960722706,1
372,0.23148148148148148,0.6524293785310735,3,1,1,0,0,0,0,0,0,0,0,4,0.4834249803613511,0
373,0.23148148148148148,0.20677966101694917,3,1,1,0,0,0,0,1,0,0,0,4,0.17360565593087196,1
374,0.23148148148148148,0.22033898305084743,6,1,2,1,0,0,0,0,1,0,0,7,0.06183368869936036,1
375,0.23148148148148148,0.22485875706214686,2,1,1,1,0,0,0,0,1,0,1,3,0.2814873003404032,1
376,0.23148148148148148,0.48022598870056493,2,1,1,1,0,0,0,0,1,0,2,3,0.5181984812778214,1
377,0.23148148148148148,0.16610169491525423,3,1,2,1,0,0,0,0,1,0,0,4,0.14532600157109188,1
378,0.23148148148148148,0.6440677966101696,2,1,1,1,0,0,0,0,1,0,1,3,0.6700706991358993,1
379,0.23148148148148148,0.2103954802259887,2,1,1,1,0,0,0,0,1,1,0,3,0.2680806493846557,1
380,0.23148148148148148,0.887005649717514,3,1,2,1,0,0,0,0,3,1,0,4,0.6465043205027493,1
381,0.23148148148148148,0.4779661016949152,2,1,1,1,0,0,0,0,0,0,0,3,0.5161036920659858,1
382,0.23055555555555554,0.3672316384180791,3,1,2,0,0,0,0,0,0,0,0,4,0.28515318146111546,0
383,0.22685185185185183,0.15932203389830507,3,1,1,1,0,0,0,0,0,0,0,4,0.14061272584446188,1
384,0.22685185185185183,0.4146892655367232,2,1,1,1,0,0,0,0,1,1,0,3,0.45744959413459013,1
385,0.22685185185185183,0.055932203389830515,3,1,3,1,0,0,0,0,0,1,2,4,0.06873527101335429,1
386,0.22222222222222224,0.2655367231638418,2,1,1,1,0,0,0,0,0,0,0,3,0.3191935061534433,1
387,0.22222222222222224,0.1734463276836158,2,1,1,1,0,0,0,0,2,0,0,3,0.23383084577114432,1
388,0.22222222222222224,0.2485875706214689,3,1,1,1,0,0,0,0,0,0,0,4,0.20267085624509035,1
389,0.22222222222222224,0.055932203389830515,3,1,3,1,0,0,0,0,0,1,2,4,0.06873527101335429,1
390,0.22222222222222224,0.10847457627118645,3,1,2,1,0,1,0,0,0,1,0,4,0.10526315789473685,2
391,0.22222222222222224,0.033898305084745756,3,2,2,1,0,1,0,0,0,1,0,5,0.0227808326787117,2
392,0.2212962962962963,0.27005649717514124,2,1,1,1,0,0,0,0,0,0,0,3,0.32338308457711445,1
393,0.2175925925925926,0.35423728813559324,3,1,2,1,1,1,0,1,1,0,2,4,0.27611940298507465,4
394,0.2175925925925926,0.2033898305084746,3,1,1,1,0,1,0,0,2,0,0,4,0.17124901806755694,2
395,0.2175925925925926,0.22485875706214686,2,1,1,1,0,0,0,0,0,0,2,3,0.2814873003404032,1
396,0.212962962962963,0.2090395480225989,4,1,2,1,0,0,0,1,2,0,0,5,0.1201885310290652,2
397,0.212962962962963,0.37401129943502825,4,1,3,0,0,0,0,0,0,0,1,5,0.2119402985074627,0
398,0.212962962962963,0.2790960451977401,2,1,2,1,0,0,0,0,0,0,0,3,0.33176224142445665,1
399,0.212962962962963,0.35028248587570615,2,1,1,1,0,0,0,0,0,0,0,3,0.39774810159727675,1
400,0.212962962962963,0.23389830508474574,2,1,1,0,0,0,0,1,0,0,0,3,0.2898664571877455,1
401,0.212962962962963,0.23728813559322032,3,1,1,1,0,0,0,0,0,0,0,4,0.19481539670070702,1
402,0.212962962962963,0.1638418079096045,3,1,2,0,0,1,0,0,0,0,1,4,0.1437549096622152,1
403,0.212962962962963,0.1734463276836158,2,1,1,1,0,1,0,0,2,0,2,3,0.23383084577114432,2
404,0.21203703703703705,0.11864406779661019,3,1,1,0,0,0,0,0,0,0,2,4,0.11233307148468184,0
405,0.20925925925925928,0.055932203389830515,3,1,2,1,0,1,0,0,0,1,2,4,0.06873527101335429,2
406,0.20833333333333334,0.27005649717514124,2,1,1,1,0,0,0,0,1,0,0,3,0.32338308457711445,1
407,0.20833333333333334,0.3531073446327683,4,1,2,1,0,0,0,0,0,0,0,5,0.20031421838177532,1
408,0.2037037037037037,0.096045197740113,2,1,1,0,0,0,0,1,0,0,0,3,0.16208431526577638,1
409,0.2037037037037037,0.17288135593220338,4,1,2,1,0,1,0,1,0,0,0,5,0.10007855459544383,3
410,0.2037037037037037,0.4983050847457627,3,1,1,1,1,1,0,0,0,0,2,4,0.3762765121759623,3
411,0.2037037037037037,0.20677966101694917,4,1,2,0,0,0,0,0,1,0,1,5,0.11893165750196387,0
412,0.2037037037037037,0.24203389830508476,4,1,2,1,0,0,0,0,0,0,1,5,0.13853888452474467,1
413,0.2037037037037037,0.27005649717514124,2,1,1,1,0,0,0,0,0,0,0,3,0.32338308457711445,1
414,0.2037037037037037,0.055932203389830515,3,1,2,1,0,1,0,0,0,1,2,4,0.06873527101335429,2
415,0.2037037037037037,0.4779661016949152,3,1,1,1,0,0,0,0,1,0,0,4,0.36213668499607227,1
416,0.1990740740740741,0.3220338983050847,2,1,1,0,0,0,0,0,0,0,1,3,0.3715632364493323,0
417,0.1990740740740741,0.2576271186440678,2,1,1,0,0,0,0,0,0,0,0,3,0.3118617439120189,0
418,0.19629629629629627,0.22485875706214686,4,1,2,1,0,1,0,0,0,0,0,5,0.12898664571877455,2
419,0.19444444444444445,0.30734463276836155,3,1,2,1,0,0,0,0,0,0,0,4,0.24351924587588375,1
420,0.19444444444444445,0.11683615819209037,2,1,1,1,0,0,0,1,1,0,0,3,0.18135637601466353,2
421,0.19444444444444445,0.3016949152542373,3,1,1,0,0,0,0,0,1,0,0,4,0.23959151610369206,0
422,0.19444444444444445,0.16610169491525423,3,1,2,0,0,0,0,0,0,0,2,4,0.14532600157109188,0
423,0.1851851851851852,0.2033898305084746,1,1,1,1,0,0,0,0,0,0,2,2,0.44226237234878235,1
424,0.1851851851851852,0.263954802259887,2,2,1,0,1,1,0,0,1,0,0,4,0.2133542812254517,2
425,0.1851851851851852,0.2090395480225989,2,1,1,0,0,1,0,0,0,0,1,3,0.26682377585755435,1
426,0.1851851851851852,0.27627118644067794,2,1,1,1,0,0,0,0,2,0,1,3,0.32914375490966225,1
427,0.1851851851851852,0.0,3,1,2,0,0,1,0,0,0,0,0,4,0.029850746268656705,1
428,0.1851851851851852,0.2033898305084746,3,1,2,1,0,1,0,0,0,0,1,4,0.17124901806755694,2
429,0.1851851851851852,0.576271186440678,2,1,1,1,0,0,0,0,0,0,1,3,0.6072270227808326,1
430,0.1851851851851852,0.8305084745762712,3,1,2,1,0,0,0,0,2,0,1,4,0.6072270227808326,1
431,0.1851851851851852,0.16033898305084743,2,1,1,1,0,0,0,0,1,0,0,3,0.22168106834249807,1
432,0.18425925925925926,0.3220338983050847,3,1,2,1,0,0,0,1,0,0,0,4,0.2537313432835821,2
433,0.18240740740740743,0.4344632768361582,3,1,1,1,0,1,0,0,0,0,0,4,0.3318931657501964,2
434,0.18106481481481482,0.08451977401129945,3,1,1,1,0,0,0,0,0,1,1,4,0.08860958366064416,1
435,0.18055555555555555,0.15254237288135591,3,1,1,0,0,0,0,1,0,0,0,4,0.1358994501178319,1
436,0.18055555555555555,0.2485875706214689,3,1,2,1,0,0,0,0,0,0,0,4,0.20267085624509035,1
437,0.18055555555555555,0.2090395480225989,2,1,1,1,0,0,0,0,0,0,0,3,0.26682377585755435,1
438,0.17685185185185184,0.728813559322034,2,1,1,1,0,0,0,0,1,0,0,3,0.7486252945797328,1
439,0.1759259259259259,0.37401129943502825,2,1,1,1,0,1,0,1,0,0,0,3,0.41974338832155017,3
440,0.1759259259259259,0.057627118644067804,3,1,2,0,0,1,0,0,0,0,1,4,0.06991358994501178,1
441,0.1759259259259259,0.16271186440677965,2,1,1,1,1,1,0,0,0,0,0,3,0.22388059701492535,3
442,0.1759259259259259,0.3220338983050847,2,1,2,1,0,0,1,0,1,0,1,3,0.3715632364493323,2
443,0.1712962962962963,0.24293785310734461,2,1,1,1,0,0,0,0,0,0,0,3,0.29824561403508776,1
444,0.16666666666666666,0.16271186440677965,3,1,2,0,0,0,0,0,0,0,1,4,0.1429693637077769,0
445,0.16666666666666666,0.17966101694915254,3,1,2,1,0,0,0,0,2,0,1,4,0.15475255302435192,1
446,0.16666666666666666,0.13389830508474576,2,1,1,1,0,0,0,0,0,0,1,3,0.197172034564022,1
447,0.16666666666666666,0.3333333333333333,2,1,1,1,0,0,0,0,0,0,2,3,0.38203718250851004,1
448,0.16666666666666666,0.38711864406779656,3,1,1,0,0,0,0,0,0,0,0,4,0.2989787902592302,0
449,0.16666666666666666,0.23728813559322032,3,1,2,1,0,0,0,0,0,0,0,4,0.19481539670070702,1
450,0.16666666666666666,0.223728813559322,4,1,2,1,0,0,0,0,3,0,1,5,0.12835820895522387,1
451,0.16574074074074072,0.7231638418079096,2,1,1,1,0,0,0,0,0,0,0,3,0.743388321550144,1
452,0.16203703703703706,0.30531073446327683,4,1,2,0,0,0,0,0,1,0,0,5,0.17373134328358208,0
453,0.16018518518518518,0.15254237288135591,2,1,2,1,0,0,0,0,0,0,1,3,0.21445404556166536,1
454,0.1574074074074074,0.4745762711864407,3,1,2,1,0,1,0,0,1,0,0,4,0.35978004713275724,2
455,0.1574074074074074,0.37401129943502825,2,1,1,1,0,0,0,0,0,0,0,3,0.41974338832155017,1
456,0.1574074074074074,0.22033898305084743,3,1,2,0,0,0,0,0,1,0,0,4,0.183032207384132,0
457,0.1574074074074074,0.22711864406779658,4,1,2,0,0,0,0,0,0,0,0,5,0.1302435192458759,0
458,0.1574074074074074,0.20677966101694917,3,1,2,0,0,0,0,0,1,0,1,4,0.17360565593087196,0
459,0.1574074074074074,0.11864406779661019,2,1,1,0,0,0,0,0,0,0,2,3,0.183032207384132,0
460,0.1574074074074074,0.1694915254237288,3,1,2,0,0,0,0,0,0,0,0,4,0.1476826394344069,0
461,0.1574074074074074,0.5610169491525423,3,1,2,1,0,0,0,0,0,0,1,4,0.41987431264728986,1
462,0.14814814814814817,0.15706214689265535,2,1,1,0,0,0,0,0,0,0,0,3,0.2186436239853365,0
463,0.14814814814814817,0.223728813559322,2,1,1,1,0,0,0,0,0,0,0,3,0.28043990573448546,1
464,0.14814814814814817,0.4915254237288135,2,1,1,1,0,0,0,0,0,0,1,3,0.5286724273369992,1
465,0.14814814814814817,0.42372881355932207,4,1,2,1,0,0,0,0,0,0,0,5,0.23959151610369206,1
466,0.14583333333333334,0.4011299435028249,4,1,3,1,0,0,0,0,0,0,0,5,0.22702278083267874,1
467,0.14351851851851852,0.1864406779661017,3,1,2,0,0,0,0,0,1,0,1,4,0.15946582875098192,0
468,0.14351851851851852,0.30508474576271183,3,1,2,0,0,0,1,0,1,0,0,4,0.24194815396700708,1
469,0.14351851851851852,0.11186440677966103,2,1,1,0,0,0,0,0,1,0,2,3,0.1767478397486253,0
470,0.13888888888888887,0.11299435028248589,3,1,2,1,0,1,0,0,1,0,0,4,0.10840534171249018,2
471,0.13888888888888887,0.26101694915254237,3,1,1,1,0,0,0,0,0,0,2,4,0.21131186174391203,1
472,0.12962962962962962,0.5819209039548023,2,1,1,1,0,0,0,0,0,0,0,3,0.6124639958104214,1
473,0.12962962962962962,0.2655367231638418,3,1,2,1,0,0,0,0,1,0,0,4,0.21445404556166536,1
474,0.12500000000000003,0.2655367231638418,2,1,1,1,0,0,0,0,0,0,0,3,0.3191935061534433,1
475,0.12037037037037038,0.25807909604519774,2,1,1,1,0,0,0,0,0,0,0,3,0.31228070175438594,1
476,0.12037037037037038,0.03954802259887005,2,1,2,1,0,0,0,0,0,0,1,3,0.10971458496988738,1
477,0.12037037037037038,0.223728813559322,3,3,2,0,1,0,0,0,0,0,0,6,0.09033778476040848,1
478,0.12037037037037038,0.12994350282485873,3,1,1,1,0,0,0,0,0,0,0,4,0.1201885310290652,1
479,0.12037037037037038,0.08813559322033898,3,1,1,0,0,0,0,0,0,0,0,4,0.09112333071484681,0
480,0.12037037037037038,0.20677966101694917,2,1,1,1,0,0,0,0,1,0,1,3,0.26472898664571876,1
481,0.12037037037037038,0.2655367231638418,3,1,1,1,0,0,0,0,0,0,1,4,0.21445404556166536,1
482,0.11944444444444444,0.1734463276836158,2,1,1,1,0,0,0,1,0,0,0,3,0.23383084577114432,2
483,0.11944444444444444,0.2655367231638418,3,1,2,1,0,0,0,1,0,0,0,4,0.21445404556166536,2
484,0.11296296296296296,0.14237288135593218,2,1,1,0,0,0,0,0,0,0,0,3,0.20502749410840537,0
485,0.11111111111111113,0.22033898305084743,2,1,1,1,0,0,0,0,0,0,0,3,0.27729772191673213,1
486,0.11111111111111113,0.3107344632768361,2,1,1,1,0,0,0,0,0,0,0,3,0.3610892903901545,1
487,0.11111111111111113,0.22033898305084743,2,2,2,1,0,1,0,0,1,0,2,4,0.183032207384132,2
488,0.10185185185185183,0.1389830508474576,3,1,1,0,0,0,0,0,0,0,0,4,0.1264728986645719,0
489,0.10185185185185183,0.17288135593220338,3,1,1,0,0,0,0,0,0,0,0,4,0.15003927729772193,0
490,0.10185185185185183,0.15254237288135591,2,1,2,1,0,0,0,0,0,0,2,3,0.21445404556166536,1
491,0.09722222222222224,0.3107344632768361,3,1,2,1,0,0,0,0,0,0,0,4,0.24587588373919878,1
492,0.09722222222222224,0.15254237288135591,3,1,2,0,0,0,0,0,0,0,1,4,0.1358994501178319,0
493,0.09259259259259259,0.17627118644067796,3,1,2,1,0,1,0,0,0,0,0,4,0.15239591516103695,2
494,0.09259259259259259,0.17966101694915254,2,1,1,0,1,0,0,0,1,0,0,3,0.23959151610369206,1
495,0.09259259259259259,0.15254237288135591,2,1,1,1,0,0,0,0,1,0,0,3,0.21445404556166536,1
496,0.09259259259259259,0.2090395480225989,2,1,1,1,1,0,0,0,0,0,0,3,0.26682377585755435,2
497,0.09259259259259259,0.36045197740112994,2,1,2,1,0,0,0,0,0,0,0,3,0.40717465305053674,1
498,0.09259259259259259,0.6836158192090396,2,1,1,1,0,0,0,0,0,0,0,3,0.7067295103430217,1
499,0.08703703703703705,0.22429378531073446,2,1,1,0,0,0,0,0,0,0,0,3,0.2809636030374444,0
500,0.08333333333333334,0.09322033898305082,3,1,2,1,0,0,0,0,0,0,2,4,0.09465828750981932,1
501,0.08333333333333334,0.1284745762711864,4,2,2,1,0,0,0,0,0,0,2,6,0.04619010212097409,1
502,0.08333333333333334,0.18237288135593221,2,1,1,1,0,0,0,0,0,0,0,3,0.24210526315789477,1
503,0.07870370370370369,0.22485875706214686,2,1,1,1,0,0,0,0,0,0,0,3,0.2814873003404032,1
504,0.0740740740740741,0.17288135593220338,2,1,1,1,0,0,0,0,0,0,0,3,0.2333071484681854,1
505,0.06944444444444445,0.021016949152542375,2,1,1,0,0,1,0,0,0,0,1,3,0.09253731343283582,1
506,0.06944444444444445,0.2621468926553672,1,1,1,0,0,0,0,0,0,0,0,2,0.5239591516103691,0
507,0.06944444444444445,0.2621468926553672,3,1,2,1,0,1,0,0,0,0,0,4,0.21209740769835034,2
508,0.0648148148148148,0.033898305084745756,3,1,1,0,0,0,1,0,0,0,0,4,0.053417124901806765,1
509,0.06388888888888891,0.4124293785310735,3,1,1,0,0,0,0,1,0,1,0,4,0.31657501963864887,1
510,0.0509259259259259,0.15254237288135591,2,1,1,0,0,0,0,0,0,0,0,3,0.21445404556166536,0
511,0.04629629629629631,0.0847457627118644,3,1,2,1,0,0,0,0,0,0,0,4,0.08876669285153181,1
512,0.04629629629629631,0.15254237288135591,4,1,2,1,0,0,0,0,0,0,0,5,0.08876669285153181,1
513,0.04629629629629631,0.19322033898305085,2,1,1,1,0,0,0,0,1,0,0,3,0.25216025137470544,1
514,0.027777777777777762,0.2,5,1,2,0,0,0,0,0,0,0,0,6,0.0793401413982718,0
515,0.018518518518518517,0.005649717514124297,3,1,2,1,0,0,0,0,0,0,0,4,0.033778476040848396,1
516,0.018518518518518517,0.22587570621468928,2,1,1,1,0,0,0,0,0,0,0,3,0.28242995548572924,1
517,0.013888888888888895,0.15141242937853105,2,1,1,0,0,0,0,0,1,0,0,3,0.21340665095574757,0
518,0.009259259259259273,0.15254237288135591,2,1,1,1,0,1,0,0,2,0,0,3,0.21445404556166536,2
519,0.002268518518518531,0.0847457627118644,3,1,1,0,0,0,0,0,0,0,1,4,0.08876669285153181,0
520,0.0,0.22259887005649714,2,1,1,1,0,0,0,0,0,0,0,3,0.2793925111285677,1
521,0.0,0.14237288135593218,3,1,1,0,0,0,0,0,0,0,2,4,0.12882953652788687,0
522,0.0,0.2485875706214689,3,1,2,1,0,0,0,0,0,0,0,4,0.20267085624509035,1
